page,count
0,56
1,93
2,54
3,111
4,4
5,23
6,31
8,22
9,79
10,12
11,89
12,36
13,151
14,1
15,7
16,7
17,1
18,10
19,91
20,53
21,75
22,84
23,60
24,52
25,6
26,14
27,1
28,19
29,158
30,72
31,58
32,49
33,38
34,15
35,6
36,1045
37,3
38,8
39,102
42,3
43,11
44,2
45,3
46,10
47,2
50,3
51,9
52,2
53,9
55,1
56,5
57,1
58,4
59,52
60,1
62,191
63,556
64,3165
65,3756
66,5
67,23
69,79
73,1
74,9
75,8
77,1
81,1
85,8
91,1
95,7
161,1
400,725
401,176
402,58
403,3332
404,18
405,9
406,7
407,145
409,19
410,1
414,1
415,1
416,132
417,2
418,45
419,8
420,36
421,32
422,1
424,78
425,33
428,1
429,3
430,615
431,3005
432,417
433,1
434,2392
435,175
436,27
437,1
439,2
440,2092
442,5914
443,6
444,137
445,1629
446,923
447,1995
452,45
453,1
454,3
455,4
456,20
457,11
460,2079
461,1333
462,2685
464,1336
465,2989
466,152
467,84
469,455
470,252
471,160
472,14
474,5
475,32
479,3
480,2
493,1
495,78
496,3
497,21
509,3
519,4
529,1
533,1
546,1
552,2
556,1
569,1
1000,12
1001,128
1005,6
1493,1
2009,2
2019,1
2035,1
2059,1
2419,1
4009,5
4015,1
4019,1
4022,1
4024,1
4025,1
4042,1
4046,2
4074,1
4114,1
4131,1
4146,1
4147,1
4156,1
4159,2
4224,1
4264,3
4265,1
4274,4
4377,1
4409,18
4416,1
4419,1
4423,1
4425,3
4433,5
4442,2
4443,6
4446,21
4447,13
4453,3
4456,5
4457,2
4474,1
4497,2
4509,32
4519,15
4543,3
4546,19
4547,12
4553,1
4556,2
4557,4
4573,2
4575,1
4577,1
4637,1
4656,1
4670,1
4678,1
4680,1
5146,1
5313,1
5331,1
5433,2
5546,2
5579,1
5656,1
6025,2
6102,2
6111,1
6113,18
6128,20
6171,1
6209,1
6314,16
6317,20
6321,1
6322,1
6323,35
6325,1
6327,1
6328,1
6330,1
6331,1
6333,4
6334,2
6338,1
6339,1
6340,41
6341,2
6342,3
6343,2
6344,20
6345,2
6347,2
6349,1
6350,1
6351,1
6352,1
6354,3
6355,1
6356,1
6358,2
6359,18
6362,11
6363,1
6364,1
6365,2
6367,19
6368,1
6369,20
6371,2
6372,1
6373,1
6374,2
6375,2
6376,16
6378,20
6379,1
6381,1
6382,18
6384,1
6386,1
6391,19
6392,19
6393,2
6395,1
6399,1
6425,1
6447,1
6500,4
6509,74
6519,26
6547,25
6557,6
6637,9
6638,2
6643,195
6647,9
6685,1
6705,1
6709,9347
6719,70
6747,3491
6757,32
7336,1
7355,295
7358,9
7744,1
7745,6343
7825,136
7870,1
7890,2
7967,1442
7968,1092
7991,3
7996,26
8045,1
8452,5
8494,1
8728,4
8729,40
8758,3
8838,2
8848,3
9540,15
9582,3
9638,3
9653,6
9683,29
9691,2
9855,4
10005,1
10011,1
10012,1
10020,1
10022,5
10024,7
10026,9
10034,4
10036,3
10042,1
10044,4
10062,3
10066,6
10072,2
10076,1
10085,18
10095,8
10111,1
10164,1
10424,4
10442,1
10885,1
11085,1
11885,1
12151,47
14002,3
14003,2
14042,1
14043,3
14053,1
14102,1
14142,7
14143,3
14152,2
14153,3
14624,5
18085,8
18566,1
18885,1
19085,6
19095,1
19624,11698
19634,2
19885,1843
19895,18
20000,1
20002,24
20003,104
20006,3
20007,1
20008,14
20012,11
20013,266
20018,13
20020,21
20021,35
20022,45
20023,36
20025,12
20026,1
20027,20
20028,11
20029,165
20030,6
20031,2
20032,10
20033,12
20034,2
20035,5
20038,7
20039,66
20056,1
20061,4
20062,1
20063,10
20064,1
20068,2
20069,1
20071,3
20072,1
20073,8
20077,2
20079,3
20093,1
20098,1
20121,2
20128,2
20129,15
20134,1
20138,5
20139,7
20161,9
20164,2
20168,6
20174,1
20178,3
20402,12
20412,2
20413,18
20420,3
20421,1
20422,1
20429,63
20430,1
20432,1
20436,2
20437,3
20439,13
20440,5
20466,1
20468,1
20471,1
20472,3
20476,1
20479,1
20528,1
20529,39
20539,20
20557,1
20568,4
20573,1
20602,3
20612,2
20613,2
20739,1
21131,1
21489,12
21749,15
22161,3
22163,1
22761,2
23138,115
24013,1
24021,1
24022,2
24025,1
24413,6
24472,1
24529,1
24539,1
24572,1
28174,1
30000,1
30008,4
30018,11
30020,2
30021,3
30022,6
30023,3
30025,7
30027,6
30029,17
30032,2
30033,2
30035,4
30038,4
30039,7
30047,1
30061,3
30062,1
30063,7
30065,1
30067,15
30069,3
30072,1
30073,1
30077,3
30086,2
30098,8
30122,4
30126,1
30128,1
30129,8
30138,3
30139,4
30157,1286
30168,6
30202,2
30263,6
30267,1
30273,4
30282,1
30286,4
30402,9
30403,1
30412,4
30413,2
30420,2
30429,22
30439,1
30440,3
30458,1
30461,2
30467,2
30468,6
30469,3
30476,1
30512,1
30522,1
30529,85
30539,39
30568,30
30576,3
30578,7
30602,14
30612,4
30613,1
30729,10
30739,11
30847,5087
30857,18
30968,87
30982,93
30986,3
31056,27
31108,2
31163,1
31187,69
31308,2351
31318,1
31335,10531
31348,14
31402,1
31440,12857
31444,758
31454,3
31468,3
31476,1
31529,2
31539,1
31568,37
31576,4
31578,9
31602,1786
31603,4
31606,5
31612,36
31613,4
31705,1
31729,1
31776,832
31954,3
32018,1
32063,5
32067,32
32073,3
32077,7
32098,1878
32122,5
32123,1
32126,1
32132,1
32263,16
32273,4
32286,3
32594,80
32759,2047
32867,3235
32877,21
32923,1
33122,1
33126,1
33132,1
33133,3132
33137,55
33243,1
33263,2942
33267,10
33273,24
33319,47
33922,717
33926,9
34022,9
34025,9
34029,10
34032,5
34039,4
34062,10
34065,5
34072,2
34075,3
34129,1
34229,1
34343,2164
34347,64
34529,104
34539,26
34637,2
34729,74
34739,30
35529,32
35539,7
35595,12
35607,1
35627,226
35637,9
35729,220
35739,94
41f,299
13f5e,3
5e78,9
4a3,1
700f,7
49e,1
4c2,2
3305a,71
5e06,1
44e,484
2f696,32
31dae,7535
5f7c,1
4bc,1
2774c,1
31f92,49
4a0,1
49d,4
4f3,1
3d729,38243
21dd6,31
4a9,1
4aa,18
4bd,5
44b7,1
4b3,4
5e9b,4
33b1b,357
4b0,1
785d,20440
5ae7,22
32f53,1
31a2f,606
3a34f,1
303f1,42
702f,1
88c1,16
f8cf,1
30b11,38
31b10,24
26c1f,94913
3272c,12
48d,2
703f,3
749f,1
32dcf,27
4af,11
cac7,3
74af,1
741c,1
314b0,48
31a50,27
5e7e,24
2ff72,372
5afc,4
2574c,176
701f,1
49c,2
745f,1
11d5f,5
121dd,28
608d,1
30afd,100
11f5e,57
171dd,1
62f0,1
27a5f,1
41e,13
27fb6,28
258c6,32
42e,4250
5b99,10
31f7e,1
17f5e,2
3fe,4081
31c68,227
3259e,2507
47e,666
66b8,11
31ca0,2058
2e3c8,2
314bf,3
6bb8,1
2414f,1
2001f,1678
2313c,2
5b00,4
314bc,1
31a5f,2
460e,1
5b08,1
417f,10
31a54,2
31c6c,10
6aa0,2
a1dc,1
3081d,1
426f,4
5ae9,1
3007f,206
5e99,3
303fd,3
5ba9,3
3011f,21
23dfd,1
2d3b1,3
5b11,11
1215f,1
2f051,14
3331d,4
5b19,3
5e01,4
2002f,3135
30b1d,4
f,18343
2f,6811
23df9,75
5b31,22
303f5,3
32ab9,3
30fed,1
5f79,1
3091f,1
2053f,33
2174d,3
32abd,1
402f,13
31bca,367
141c2,1019
46a,322
5ae2,2
5c42,3
3305f,1
3305e,12
5b1a,3
3446a,1
2047f,2628
342e2,2
5e02,11
634e,2
872a,2
2005f,125
5e5e,4
5e5a,12
5e9a,1
65ca,11
34aea,3
40f,524
615e,1
605a,1
5e0e,2
31f9e,2
5b36,1
2c57f,1
5b72,1
2003f,2334
5b32,8
460f,1
2457f,1
31f96,5
2040f,58
31bce,11
545f,2
2057f,6
671a,12
4cee,1
3205f,1
454f,108
634a,19
671e,3
5b62,7
2f66a,5
2007f,3265
5e7a,3
33b1f,21
3257b,195
3048b,46
5e83,1
249db,16404
30f53,64
3257f,29
46b,62
304a3,9
30f57,3
30f5f,4
382d3,2
633b,5
d09b,1
5ae3,37
2755f,10
2755b,92
63a3,1
249df,1298
3090b,1
5adb,36
5af3,4
2fdaf,2
5c6b,3
9c8,1
2fdab,23
c8bb,3
5c2b,1
8aff,1
5aef,13
3f,2126
34a83,7
8afb,1
3408f,2
638b,1
638f,1
31d9c,3
2f73c,2132
2043f,91
2454f,6
634c,4
ac5c,4732
18b24,1
2574f,1
3259c,4
5b44,8
ac5f,56
2f73f,58
3f144,1
2bffc,1
635c,3
3259f,20
1462f,1
404f,4
5c1c,1
6fb4,1
5b8c,17
5eac,8
60bf,1
632c,2
5ae4,940
5aec,22
64ac,30
2554f,2
26d,270
64ad,2
5fb5,1
5af5,6
30e0d,38
5e7d,19
3231d,12
5c25,31
3001f,219
405f,76
5c4d,3
444d,1
11e4d,2
3245f,11
634d,1
33f55,11
f655,2
33f5f,1
685f,53
3060f,1
3261e,31
5b46,470
5b4f,2
4f,85
5aee,1
636e,1
5cb6,97
5b5e,2
2041f,748
2004f,197
140a6,3
2000f,610
61a6,1
635e,1
2f69e,1
27fbe,1
140ae,1
2042f,104
72e6,1
32ff6,7
2049f,1
76ee,855
3349e,9
32ffe,1
5e57,2
2d7df,11
311d7,1
76ef,471
bfef,1514
5b27,3
47f,323
632f,2
5e7f,20
5df7,329
66b7,6
2441f,948
2945f,14
5b1f,4
622f,1
5b07,1
3054f,1
3014f,1
5e98,1
5e00,1
5e58,1
5e80,84
3146e,1
5b0c,1
5e8c,1
3134c,1
31cec,3
2013f,131
31ce0,27
88c0,1
2313f,1
31d38,2
3153f,1
31a5c,1
3134f,1
22fa8,9
5ea9,1
2154f,1
2f05f,1
3d72d,1845
46d,249
3311f,2
30fe1,1
5b9d,1
113c1,1
303ff,1
633d,2
5af1,1
633a,21
141c6,1
3301a,2
2ff76,6
623e,1
141ce,1
2ff7e,21
3105e,1
5b9a,1
560e,1
3df92,1
d0da,1
3049f,3
2c702,1
2ad7f,1
c99a,1
2f66e,1
3160e,14
1350a,1
13fc2,129
5b0a,49
5b6e,1
3211f,1
3045f,280
3055f,14
5e8f,1
628b,1
5e4b,1
633f,41
8b33,2
31bdc,1
5bd4,2
3059f,3
631c,2
199e4,207
633c,3
2c53f,1
3041f,245
8afc,1
630c,1
301bc,3
638c,1
42f,1176
60fd,1
1988d,31
31b6d,3
785f,282
467f,11
485f,9
33f5d,1
248ce,1
5bb6,13
26dbf,1
27fbf,1
3159f,1
245bf,2
2ccb6,1
5cce,2
204bf,76
631e,2
5c16,65
2045f,93
5c4f,1
3022f,17
608f,1
46f,517
324cf,38
5b17,5
615f,1
1005f,2
5f,358
1f,2215
3131f,10
42c,269
3130c,180
6a,786
6c,72
5d,223
6f,355
11f5f,1
1155f,2
44b6,1
5cbf,7
43e,939
43f,4740
43c,124
6d,206
7e,32
121df,2
7f,240
7d,84
44bf,4
5b4e,10
7c,25
45e,100
45f,244
44c,149
44f,1085
685d,76
1d,21
32c9d,11
42d,683
43d,253
46e,183
4bf,91
4ba,20
4be,91
4b1,15
5b3d,2
605f,64
5b35,2
3ff,673
88dd,1
88cd,1
2641f,1676
32c7e,1
32c7a,1
30c48,2568
3000f,81
6b,14
3110f,15
44a,461
5adf,110
625d,53
405d,53
5df4,2494
55ff,25
447f,60
5dff,95
10a7,78
6de7,1968
5dc6,6107
6ded,1589
6de0,17070
6def,956
6dec,1037
6deb,262
6de4,610
65ef,290
-bdfd,210
6dfc,144
6dff,217
6dfe,10
55de,2
3130f,66
6de1,18863
446f,202
45ef,375
6dee,79
442f,195
1fe,4
6e,26
47c,28
670f,77
5dcf,45
45c6,47
6de5,698
5dce,179
5db8,911
456f,410
4def,32
670d,306
452f,21
5dfc,94
47d,86
45cf,43
65ff,48
5dde,22
1ff,4
2e,30
44ff,4
450f,38
6dfd,32
605d,83
44b,987
403e,1
44d,74
2055b,2
635d,27
3a,19
5aed,1
5af4,11
3004a,4
308b2,57039
308be,3902
308bf,2131
46c,115
5ae5,2
45c,62
311ca,1
285d,2
45d,23
42ef,5
300bf,998
30c6d,3764
308b6,4125
2f877,77321
2f87f,5489
2c87f,601
2495f,39
2887f,664
ff,2
40d,20
2555f,2
2055f,2
40c,22
534e,1
42e4,7
3034a,1
3209f,41
2e87f,264
2c07f,80
305ae,89
2807f,529
2405f,50
2087f,76
2415f,86
3133d,998
2b,16
309a8,314
3133f,282
3c,4
3003f,345
3e,95
78a0,3
5d98,28
31bda,3
205f,10
2f9ed,328
2f9e1,4252
2faeb,642
b,15
2a,21
631f,4
3209c,70
42f4,5
2efec,1316
32c9f,1
3130d,4
1b,51
612f,2
705f,6
2f974,24218
2f97c,1439
2c97f,87
2fe,6
d,8
205d,9
5ae6,2
2f1ac,490
2017f,701
3046d,105
a,5
2655b,1
52ef,3
30ced,33
26f,6
3010f,19
42df,2
634f,1
415d,2
37f,2
3136e,1584
3046f,40
285f,3
52df,1
637f,1
7a,15
3004f,220
5b56,3
3137e,30098
3137f,1190
3117f,243
3106f,5
3017f,1101
3572f,169
2817f,143
2b97f,14
3044f,212
2e1e1,4
2006f,264
656f,16
45d6,10
455e,1
65ed,17
444f,60
650f,37
2d87f,188
a5ef,1
3013f,193
3113d,5
2f97d,229
2407f,7
2401b,72
327b0,2112
2fc7d,103479
315ae,97
2c47f,376
2dc7f,20
2f53c,2
3017c,13361
3052f,112
2fc7f,1801
2947f,15
3275d,240
3313f,454
2001b,665
2e7ec,3
30c5c,81
3d73d,97
3072f,11
3136f,52
2012f,73
2e97f,66
2897f,65
3002f,154
2f97f,671
2e5ec,4
2fafb,38
2d97f,29
32f1b,14502
32f1f,1899
3251f,492
3017d,138
4af4,2
30fdc,6172
3271f,171
3275f,65
3051f,167
302fd,2
30ddf,45
30fdf,173
3413f,15860
3211b,2
2f47f,240
2847f,345
2847d,18
3231b,3
2fcbd,2856
3160f,3
305df,35
304df,55
30fdd,24
3017e,9
2053c,10
30f1c,1208
325dd,1015
327bc,192
33a86,481
22c7f,13
2447f,166
2e47f,417
3d72f,437
2953f,1
325df,46
3015f,185
33b86,3598
33b9e,41
33b8e,305
3238f,6
344aa,158
33b8f,44
3084f,304
2041b,221
3098f,2
3008f,17
3009f,51
3318e,1
3085f,104
3005f,60
3208f,3
33b9f,15
3d739,166
2f47d,55
3011b,3
2c47d,22
2a47f,78
2153f,6
2ec7f,193
20c7f,3
2247f,70
245f,12
3338f,9
2415b,81
2441b,110
3218e,3
3000e,1
3042a,26
3028f,1
3018e,3
3018f,21
2cc7f,74
3452f,108
2241f,44
2073f,1
33a87,1
33a8e,5
2000b,69
3218f,13
3008e,2
325bf,54
31daf,24
2d47f,28
2000a,2
3019f,1
32b8f,3
2002a,52
3398f,1
2641b,39
3298f,1
3201b,1
3331b,1
24c7f,1
3d73f,38
2e47d,49
ac5d,4
3255f,77
3099f,1
3188f,1
45ff,90
44ef,5
6dfb,4
5dd6,49
45df,6
44c6,2
457f,74
305af,24
3573f,53
2ec7d,67
2f8e1,1425
2f8fd,22
3131c,3
30a98,3032
30a9c,323
796f,125
797f,52
638e,42
30b5a,1
340e2,2351
416f,36
17f,16
16f,32
2f8e5,50
3338e,1
2241b,12
327b4,39
3053f,28
2447d,4
31ca4,29
304a0,38
3019e,1
2000e,3
3038f,3
3318f,2
3228e,1
32b8e,3
2046f,58
304b0,7
5c,50
3028e,1
204a0,5
3238e,4
2440f,1
314af,16
304af,21
314a0,19
2042a,8
3398e,1
3118f,7
3298e,1
2647d,6
a45c,45
204a1,1
2047d,44
31cac,47
2147f,3
3473f,18
327bf,37
403f,1
55c6,22
4dce,3
671f,19
200a0,4
31cad,3
3255d,1
28c7f,4
31caf,7
245c,32
3289f,1
3043f,67
3042f,26
32a86,1
3399e,1
3219e,1
3453f,20
31cae,8
3339e,1
2022f,3
327be,5
1962c,552
30c4c,179
7db8,19
1962f,259
31a1e,1350
2f8ed,119
2f8ff,4
311e0,626
87ee,1021
30c08,3489
30c0c,304
30a9f,146
3029f,33
30c1f,10
30c0e,14
87fe,22
30a9e,23
3040f,151
304bf,174
33cc6,3311
304cf,44
304de,1
33cde,21
2044f,412
30c5e,25
332b3,3175
332bf,413
322bf,28
31d0c,2074
2011f,7
31d0f,15
332b7,67
33cce,173
302bf,42
3050f,33
2051f,9
31cca,28
3562f,16
30c0f,67
311e4,23
85ef,6
280ef,7
3106e,1
200bf,196
35ff,2
30eb6,6870
306bf,87
30ebe,389
3472f,46
3113f,70
2002d,9
2a97f,15
3033f,11
31dbe,74
305ba,11
2f9e5,103
3116f,20
3552f,36
2400f,6
2495b,32
2003a,26
309b9,5
315be,20
3006f,48
200af,2
2217f,7
5df5,1
45de,4
45ce,4
55ce,1
55cf,24
6df7,2
4d,3
23f,1
671d,27
30c6f,33
2f9e9,5
308b0,8
262fb,1
2002c,17
2007b,5
3241f,27
3096c,6
3097f,1
327f0,583
327fc,43
327f4,20
2c4bf,10
2f73d,8
3177f,12
30f1f,12
1162d,8
1162f,111
1042f,72
1963c,46
1963f,28
204af,3
30c5f,39
3143e,680
2ecbf,4
2fcbf,33
3143f,17
3442f,1
87ef,21
30c0d,14
3012f,45
33ccf,36
3150d,5
31d1f,5
3150f,22
33cdf,4
78e0,3
332bb,9
2050f,22
2010f,9
311ec,35
311ef,20
2e17f,14
2052f,58
3392e,36
2001a,12
309ac,3
202fb,6
3213f,34
2f9ef,104
206f,1
2042e,8
2401f,73
241df,20
2405b,26
324bf,19
304ae,2
2497f,3
2c17f,50
30c4f,20
bfff,39
3016f,34
2f1e1,1
3392f,7
2e07f,6
2a87f,63
2b87f,31
2016f,54
2c1ef,17
201ef,4
200b0,1
2f9fd,11
281ef,15
3047f,7
327ff,22
2f9ff,2
325ff,10
2997f,5
2f97e,15
319ce,1
30d2b,15
30d3f,1
30d2f,1
b7ff,17
2753f,8
5dfe,3
4dcf,3
705d,11
3096d,1
330db,146
1008f,9
330df,20
2db94,20
2db9f,2
355d5,58
31ca8,1
3455f,1
3130e,2
30a41,7714
30a4d,558
30a45,403
18ac4,307
18acc,8
18acf,5
341bf,8485
18adf,1
3023f,5
3144e,103
3144c,520
3144f,420
141d2,11
30a4f,222
30a5f,26
3b,24
52f4,1
385f,1
409f,1
485d,5
1a,2
313da,1
3414f,31
3434f,259
2402f,9
3145d,3
3403f,44
327fe,3
320df,1
3061f,1
2db9d,1
355df,1
2455f,1
355dd,1
3145e,30
3145c,105
3024f,113
3098e,7
3099e,2
18adc,2
100cf,1
2b47f,8
300a0,1
1004f,1
18acd,1
10a4f,1
102df,1
3247f,5
3412f,66
2403f,5
2e4bf,17
3402f,134
224bf,5
2f4bf,7
204b0,4
3177e,20
30cdf,14
31cbe,3
1142f,3
846f,4
334cf,9
3151f,8
32cdf,3
32cce,5
200ef,11
2f8ef,25
847f,3
30c1c,33
3040e,2
3002e,4
2897d,1
2e5ef,4
30ebf,141
b7ef,18
315ba,2
2987f,20
27e,2
10a6,12
603d,1
55f7,1
735d,32
42b,2157
735f,5
5dfd,11
fe,6
2052e,4
2003b,8
2653f,3
31cbf,3
264bf,1
30d1f,4
1002f,15
1062f,82
31cbc,2
3021f,29
32d1f,53
3112f,3
31d1c,24
312bf,2
31d0e,1
2a4bf,1
3006e,9
221af,1
3251e,7
309b8,15
300af,8
3041a,9
b5ff,7
2013a,5
28c7d,4
31cb0,7
31b5f,1
3271d,8002
3251d,36
ac5e,4
401f,7
7df8,12
639f,4
639b,16
610f,1
42ff,1
43a,2
349e9,6754
349ed,681
3496f,24
341ef,16
349ff,73
349ef,182
635b,1
639e,22
3005a,1
31bdf,1
31bcf,2
343ea,5241
343ef,152
312e0,1228
312fe,1
3416f,66
3406f,76
343ee,560
343fe,36
3024d,3
1988f,10
443f,16
4dff,3
45fb,1
1962e,16
1962d,103
2046d,1
349fd,113
312ec,91
1989d,5
1808d,2
3036e,2
3037f,19
2646f,1
2002e,20
1c,23
3572d,6
2e53c,1
3497f,16
3025f,10
2fc7c,5
3d708,1
2411f,11
2e9ef,14
3417f,30
3407f,27
141c3,7
30a5d,43
2647f,20
1043f,14
2917f,6
3049e,1
2041e,2
3016e,7
2e1ef,3
45ed,7
4dee,2
451f,7
312ef,41
3026f,24
3145f,93
2002b,8
2007d,11
2413f,12
3209e,5
1808f,3
1889d,2
31a1f,17
2e4bd,5
244bf,10
314a1,1
2043c,1
3245e,15
3245a,108
2f1af,9
3103f,3
308af,1
300be,24
2e97c,1
30c5d,3
199ec,5
340ee,66
2faef,2
3d709,8
3117e,5
30ddc,1
a45f,10
3161e,2
3096f,7
2bc7f,8
340e6,39
30edf,3
204bd,1
340f2,17
1143f,2
1063f,17
1963d,20
2bcbf,1
32ccf,7
340ef,71
340fe,11
324df,6
2f4bd,3
4ded,2
2003c,3
2e974,1
241db,29
3472d,1
3012e,4
2b2ff,1
2c,3
305be,23
2047b,1
284bf,4
1042e,1
327bd,17
2653c,1
2a8ef,3
32cde,2
31d0d,11
2009f,5
2e8ef,8
2eaeb,1
309bc,2
229e1,1
2c16f,1
26c1b,6
3107f,25
3116e,10
3553f,8
22d,3
4dc6,3
2faff,7
2656c,2
2d47d,4
2b73f,1
340ff,12
334ce,1
84ff,5
87ff,3
856f,1
2487f,6
3241a,2
2012a,2
3006a,2
231ac,2
30dde,3
30fde,28
304ce,5
324ce,5
31d1d,4
322bb,1
280ff,4
2287f,9
301b8,3
3059e,1
3003d,1
2c9ef,5
65eb,3
407f,2
3041e,10
2816f,17
2f1ad,3
2446c,5
2ac7f,10
304aa,1
30c7f,1
2f77f,4
3147f,1
2f772,1
2e97d,2
2417f,8
2d57f,1
241ef,2
340e3,1
2edec,6
199ef,3
307df,7
30f1d,4
2e8ed,2
3244f,1
3057f,9
288ef,3
3051e,2
304ed,1
305aa,10
3259a,13
3052e,11
455f,15
37e,4
2f1ef,5
2046c,2
45f7,1
651f,8
440f,9
781f,141
783e,5
787f,6
782d,5
5bfb,8
403d,1
515f,5
3021e,1
2c8ff,1
334df,1
20ff,1
3212f,9
2a17f,3
244ec,4
3161f,1
1963e,1
3001d,1
3462f,1
2247d,8
3052a,8
b56f,1
2006c,1
3002a,10
265ec,3
221ac,3
2f53f,2
3201f,1
320bf,1
84ef,4
3089f,3
301ba,1
305bf,1
3013d,3
2a9ef,2
2a1af,1
2001e,5
2411b,12
2041a,8
315af,20
2646c,1
305dc,1
2773c,4
2013c,1
3157f,6
1862f,2
235f9,2
2003e,2
43b,2
446b,1
201ac,2
2042b,1
2ff7f,2
2006d,5
37ff,1
340ea,1
716f,3
797c,11
796c,89
517f,1
596f,2
31ce4,1
4b6,1757
4aec,1
5b10,17
5b03,14
5b22,33
5b13,15
40f3,1
530f,1
531a,2
4b5,78
49f,4
717f,2
5aff,2
2455c,1
616f,7
796d,15
616d,1
696f,4
3326f,136
3226f,7
30f1e,2
63f,7
200ff,6
31cce,5
2006e,3
315bf,1
-4fdfd,1
55d6,2
646f,7
642f,3
2e9ed,2
c,5
2003d,2
3327f,12
26c7f,4
2753c,3
3227f,5
30cbf,4
2c5ec,1
2043d,1
3573d,10
207b,1
b5ef,8
2b9e1,1
2efed,6
202ff,1
2044c,2
2747f,2
55fd,1
205af,1
4c,1
2617f,1
3023b,3
2e9e1,3
3326b,6
30c4e,7
304dc,1
327fd,1
2097f,7
2491f,1
205ba,1
221ff,1
3073f,4
3152f,1
2c1e1,1
2026f,3
2042c,1
311ee,3
2e8fd,1
3040c,2
2e97e,1
3292e,1
2014f,1
411f,1
5cbe,8
44be,1
7b,8
3027f,11
2f16f,1
62f,18
1163f,18
2f17f,3
2857f,1
2412f,3
2012c,4
2e174,1
199ed,1
3243f,1
3045e,2
845f,2
31d1e,1
204cf,2
3312f,3
2817e,1
2027b,1
3045c,2
3027d,2
2b47d,2
204df,2
-4fffd,1
2015f,1
2efef,26
3044e,2
2c8ef,7
125c2,1
2b1ac,3
205c,1
2f572,1
2ff73,1
2c57e,1
52f,3
30aff,1
13f,1
2297f,8
205aa,2
2e2ff,1
2a1ef,2
191e4,1
2e2fb,1
2773f,2
86ef,2
302b3,1
3040d,1
57b,1
-4bdfd,2
2373f,3
3241e,1
200aa,1
3126f,4
2cc7d,6
2e1e5,2
300b6,1
201ba,1
1009d,2
2c97d,2
496f,5
797d,3
12f,9
2145f,3
40e,4
2575f,1
3146f,3
27f,2
60fe,1
441f,5
1a7a4,2965
2444f,1
31c6f,3
1a7ac,65
1a7bc,3
125af,19
312e4,31
124a4,7
2144f,1
1908f,1
1a5bf,2
125bf,5
1a5af,8
23c7f,3
104b4,8
306be,5
b7fb,3
1a7ad,8
1a4a4,1
3122f,6
3404f,36
3415f,4
1a7af,29
27c7d,1
1003f,5
125a4,23
1a7b4,22
125b4,8
22f,3
1a5b4,2
343ff,16
302ef,4
414f,3
124af,11
1a5a4,11
1a5ad,1
127a4,3
104a4,4
3436f,11
3144d,12
104bf,3
1a7bf,6
3127f,5
246f,3
341ff,9
325bc,1
1a7ae,1
341af,5
30eb7,1
24c1f,1
343eb,1
105a4,1
2547f,4
3435f,12
45f5,3
2021f,5
100a4,2
304be,2
302ff,3
124b4,2
340bf,8
2b161,1
2f07f,1
2817d,1
3426f,9
104af,1
30a1f,3
3042b,2
204be,1
245ef,2
127af,4
127bf,1
1a7bd,4
2006b,1
3025d,1
312ff,6
3259b,3
2052b,1
124bf,1
100b4,1
1189f,1
1000f,1
3424f,1
8f,4
5b0f,1
4ae,2
e,1
4aef,1
42f5,1
340e5,2602
617f,3
340ed,63
305ab,1
340f5,35
2052a,2
221e1,3
312ed,4
30a1e,1
100f,1
-7fffd,2
100d,2
2485f,1
2452f,4
201e9,1
2453f,1
30a9d,1
304b6,3
2053a,1
5bff,1
435f,2
6d6f,2
-bffd,1
199ee,1
2c97c,1
2ac7d,1
340fd,7
3131d,2
a7,1
57f,1
657f,2
200be,3
3406e,3
3049b,1
205ae,2
340a5,2
208bf,1
3002b,4
554f,46
2896f,1
3051a,3
204ba,1
3042e,1
2053e,1
3313b,2
2eafb,1
200df,1
2ccbf,2
55f5,1
-7fdfd,1
54f,18
3150c,2
3d728,3
2a2ff,1
262ff,1
2406f,1
2253c,2
205be,2
28cbf,1
85ff,3
3212e,1
243f,1
1044f,1
2048b,1
697f,3
799e,2
5b0e,4
612d,21
2d,5
3035f,1
1aae6,2686
180ee,1
1aaee,68
18ae6,1
1aaef,40
31dbf,1
1aaf6,21
12ae6,4
1aaff,10
334de,1
1a2ef,7
2e7ef,2
100ef,4
47b,2
85f,1
12b,1
100e6,6
122e6,9
102ef,1
1007f,3
298ff,1
256f,1
2241a,1
3006d,7
1aafe,5
100f6,3
1a2e6,4
1006f,6
846e,1
127c2,1
602f,1
782f,1
5c9f,53
5cda,95
2edef,2
3059b,1
2e572,1
102f6,1
120e6,3
30ccf,1
102e6,2
2117f,1
2ff,1
102ff,1
18aff,1
4ff,5
2a07f,2
201e1,2
281e1,1
2253f,2
1a0ef,1
12aff,3
122ef,2
122f6,2
2c8fd,1
3002d,1
2897e,1
55f4,1
64ef,2
100ff,1
3059a,1
209ef,1
2006a,1
342ef,4
2404f,4
3053a,1
456d,11
2012e,1
3416e,2
2051e,1
306b6,6
100e2,1
12af6,1
3405f,3
3101f,1
117f,1
199f4,1
47a,3
f4,1
2575c,1
3286f,98
3206f,13
2107f,1
3043a,8
3496d,2
3436e,2
3287f,13
3207f,5
3121f,2
315aa,1
2a47d,3
5cb3,7
5c83,5
45bf,1
5db2,2
48f,2
5cb7,1
774d,461
754d,3
42a,2
775f,9
775d,63
66ef,7
76ff,42
5d6d,381
574d,5
574f,15
56d,2
774f,76
555f,3
654d,1
46ef,5
66ff,3
5d6f,10
556d,4
4ef,1
474f,1
556f,7
12d,1
754f,17
67f,1
416d,1
554d,5
575f,3
454d,1
16d,2
54d,1
575d,1
466f,2
55f,2
56f,2
6ef,2
-6fffd,1
5d79,3
445f,6
451d,1
76fe,1
51f,1
535f,1
15f,3
115f,1
406f,1
2043a,1
1062d,2
453f,2
b5eb,1
3012a,1
222ff,1
9f,2
31a3f,4
50f,1
4d6f,1
647f,1
312e8,1
3111c,1
497f,2
31cee,1
505f,1
191ff,1
31d68,2956
597f,1
3056f,16
31d6c,61
31d6d,6
2446f,1
312fd,4
31d78,12
3041b,1
3156f,21
31d6f,20
2056f,1
3157e,2
5e56,69
5c35,51
5e5f,2
5c3d,1
465e,1
664f,13
465f,4
665f,5
65fb,6
10af,1
6cfe,7
5df3,96
6cff,1
464f,4
5e38,3
100e,1
780c,27
5c36,9
5d4b,4
5c81,83
5ccd,1
41c,4
10a4,1
a809,924
a80d,67
5c99,1
a80f,19
780f,1529
680f,6
5c33,188
5c32,1
680d,1
a009,2
201f,2
200f,10
400f,15
a01f,2
a81d,10
600f,3
280f,1
5c3f,1
a81f,2
480f,3
5c37,2
500f,1
a00f,3
580f,1
80f,1
481f,1
656b,1
a819,2
201d,1
4dd6,1
5c85,1
5c8d,1
448f,1
434f,1
2747d,1
356f,1
3437f,2
2353f,1
2353c,1
3453d,1
2040e,1
31d6e,1
31d7f,2
2d9ef,1
31d7c,2
282fb,2
26def,1
2907f,1
45fd,1
301ae,1
261e1,1
799f,1
4aff,1
531f,1
410a,1
189e4,1
34ba9,2727
341a9,6
34bbd,8
34bad,75
343af,3
34bbf,4
34baf,26
2f73e,1
585f,1
34bb9,17
343a9,9
343b9,3
340af,6
340b9,2
341bd,1
312fc,4
102cc,1
341b9,1
3013a,1
340a9,11
a5ff,1
3c729,1
5cde,3
674f,146
5e7c,1189
449f,3
447c,6
565f,1
6dc2,180
6dc6,7
6dce,15
6dcf,2
6d3f,59
-bdfe,4
5dc7,53
6dde,3
653f,1
53f,2
6dcd,1
65f9,7
7dc7,1
5ca6,4
5c91,6
457b,2
654f,18
b7b6,111
874f,10
b5b6,1
b7be,5
66ce,3
669c,3
66a0,1
663f,1
66d2,2
66e5,1
66cf,1
b7bf,1
feb5,86
66bc,5
66e2,2
66ac,3
66be,1
66b0,1
c6b5,2
f6bd,1
2ea3f,4
3580b,3
66b9,6
7cfd,4
66ba,8
80fe,5
a9c0,5
66de,1
668b,2
5d3b,53
64c0,1
5e90,2
468f,1
5cef,54
453b,3
78bd,2
78be,1
78ff,11
fb,1
553f,1
5d3f,1
675f,35
467c,10
567f,9
3d,1
674a,334
675a,4
5a,2
654a,4
4a,1
674e,7
567d,2
5cea,53
882a,20
882b,1
882c,19
882f,1
883f,1
883b,3
655f,6
5cff,1
8aef,9
8b30,1
8b31,18
8bd4,1
8b6c,1
8b99,3
5cee,1
675e,1
5cfa,1
455a,1
5cd7,46
5cd5,43
96c1,11
96c2,2
a0aa,3
96c5,1
95b2,1
968f,1
95ed,1
5cdf,1
5cb4,40
44d5,1
446c,2
966e,2
a03d,6
a03e,1
a17f,16
217f,1
a140,1
a12f,1
a167,1
44b4,1
5cbc,1
5cb1,38
44b9,1
5cbd,1
567c,3
a35d,8
a2de,1
a15f,21
cf5e,2
a30e,2
ccc2,1
5ca9,50
5ca3,42
a2a3,6
a2e4,1
a465,7
44af,2
c6af,18
a168,5
44bb,1
a2af,1
a483,1
a26c,1
44a9,1
5cad,1
645f,1
44ab,1
a3b2,2
a4b3,1
a274,7
a435,1
5caf,2
5cab,1
a547,3
a308,1
a409,15
a40d,1
a492,3
a457,1
a419,1
5c23,41
bbd2,7
bc53,1
bc94,23
bbc0,3
249f,1
a49f,1
bc9c,2
f4af,1
5b15,1
d5ea,1
d42b,1
d1ac,5
d1bd,1
55ea,1
41bf,1
5b05,53
39f30,8
217ae,11
203ef,2
2a6a4,79
2a6b4,1
2a6ac,3
219b1,17
204a4,2
204b4,1
219b5,1
1ee91,2
310bb,4
3195d,2
209ad,4
217af,1
26c22,5
5b0d,1
444a,1
675b,1
407e,1
2fb93,3
2ef54,1
3559d,1
3015a,1
4b4f,1
264ec,1
28afb,1
3123f,1
349bf,1
2eaff,1
1162c,1
312ee,1
44cf,1
85d,1
20c7d,1
3003e,1
349af,1
2d17f,1
30cbe,1
348a9,1
303da,1
31bde,1
42e5,1
30c2a,1165
796e,1
30c3a,4
30c2e,39
30c2f,5
1023f,1
30c3e,1
30c3f,4
2c96f,1
1009f,1
3051d,1
244ef,1
4cde,1
54df,1
44da,1
5ce1,43
5ce4,5
55a9,1
44df,1
10ae,1
415f,1
8bc5,237
80d5,1
87ac,28
86f1,1
87ad,1
854f,1
86f4,302
86ff,14
802a,2
5da8,15
8bcd,5
86fc,9
219e0,6
b424,6
6b31,2
954c,1
8bd5,3
89c5,1
885f,1
984e,2
86fe,1
2e3,1
8ad5,1
95a9,1
88c5,1
877e,1
954f,1
112bb,5
b1ce,5
6b93,4
6b9f,1
872f,1
80df,1
8bcf,3
cf,1
8bdd,1
81df,1
87bf,1
5ce5,5
54ef,1
5ced,1
1816f,1
2022b,1
3116a,1
2347f,1
